,summonerId
0,-3v-72ZTSP6fe-FJKVpDzv0zyyqN7iSSa3w3q1peUK0jx9o
1,-60t8G-ZvCb4PHRzMp9oaR_hbGb-Ld0Zy0RwwZGbLBbKF3s
2,-IxqTzUb1viKZC3yp3PbAwBU4hLE_VwFhoCO6CCo7ts2VNs
3,-lLY-cVFjXQi2AlDvfE_ems3WzjhADeQ__trsQ9BRWs_5kI
4,-zJpc2kYDb6iI-krEmhKwA4yKlAP9cA7_01fnH-JKln5KYs
5,-znvWhyv27JaCCZVoLvPgGvPRGj_B9vHkDmravAwqJWxHho
6,00JHQx48ravxoupvZzHv6ScmB0fAlyBXqU4WvNbiFMf_7Go
7,03toGcSlsVHCuKSQerVUulmD5W5vsMfw6cCRb_VpBmcj5zk
8,0BSIPsQTCwkYQcj4p28QEGHarO-fnshgSeiUHp_v_pn72r8
9,0O-k1q1EDvi-AElBfxb5YEpskAoJj7vyvHpWzy4SMR-YC_M
10,0k090IEm1o4kRjO7ClMOaJC_NLzVy9GHK6DpSA1OtQt0hns
11,0thY8RGd6rMLyZ7kE_Z2ejpN49tRNa1evrbAXi_26iou5HY
12,0ugCinkam46jkiLmRx8QtZrRn9Ue60PtlDHtFkALLnwogLY
13,10R6mfnHp8-7wW6UDVBpvIsb7wYZWzalGr0u_QwZi8V5vRE
14,1Apxbd-Wva6mSyWRAV-uy2vO5RswJik0gaHj56COKa9_jds
15,1aETN930IS_N689lCQtMMItFDX58mwTV9b7shgF6zctOaHY
16,1ePIFprmyLqbNdjpaydpqRnpwyrM3O5uKdGMtZTF7ITOj7I
17,1kZD7fSrd0dMOtKfGGU9q7AFQOWLIvTXnGHkjeuIf0cblXY
18,1qisPPt2K1fq3hu1GlXFH6u2hBNb31a3mvyaOAS4fx6P0J4
19,1we8uSf7FuuK9iC6aQk36C77WKql3-Ep9eyhYmILBQVtW1Y
20,20fiYoHYyUmw4DVisqHiu00aEqZeSdZRRZO6k_6092XS_Zk
21,27Eohwbd5V-dmFQlRn6DmZWFn8KlBWWyLAI2ffsSWNRvR3g
22,2F-hTYjrWi4QrP5V3d25hV2ogPyuIdSlqNbGyuKoFAbndF0
23,2MnfR7uPDK-p4cpjFROjIAGaIxFhs9Q1jo5cTGVfqFTIEpk
24,2R_O0T4hWL74nURrPWxsrZhRpUbo1f3lNZ1C1BIxCo2uPNw
25,2h7a5nUAS3vEcAGqh5ZTJrAA3SM4fNpgOL-59K5lv_SNOEE
26,2jC8w34yPQP2slWdY_sFZLKFI5419fd9fDivp6-9jVn_1MM
27,2vYEQI_d4W0rSzw1U4aJ6zKpnQ0mwl7SkH7Fmc1FtHbKeTQ
28,2zB82Vm8PB1uKPnKST4hMZmwFxIsX3b92TvXf7FRjD0Ohlc
29,2zbF6GdiedfMrQh_oa5Z78ZKCw2v4BMgi0-2grV-dJDmoPg
30,32QqnMXczIuUuPNV8aIMBpBUYVFhFIClZQ9tQCeE-deMZPM
31,34CDp12c-qJQytWcMG_uqDw7vAuLeqgLWD46gXTRYn9tTYA
32,3JpyOM3qGQTBUtSKybNchx17eqaMUE7rW3Pd4OpN0OOskks
33,3LXsHPYaBU3eHQ9bhFSvQ3-3iZXL12lZvGQKidVjTspZ3Z4
34,3c34V3pFK9GdAMHJR7sCv2JIxPDgesTPsAxBRHJvWbJSc6Q
35,3rQZmQRGx9cL3WYVpTDaVs9_xRe_3z3F0R9zqtfPlvKRU-E
36,3z0Zt8b_fvIpJr7KthzFQvlcdk5enpCPUuc7fo1Lld-y4qU
37,4Wj4tZhVSxHZP_PGO0FDwOLFksJQD1ogoyWyqbrrUK64RHg
38,4jQWFe_0c1m7Ww-yGB5urclK2Hv1TjJnT70VtQD9p4j4jeI
39,4o1TLdj8kruUlUyPmukLHeIBmw7r5xJ4okvIdBNiJQ2J3dc
40,4sCcUccaJc59FupxSXM0v-P0e842k0yNoVpPpAVfkoDRLX0
41,5-FZbNTopiOKBlmCNlhl_VS_WgD3eUMb8pT81n-r7s0UXDc
42,53CkP8mlHeiNpBO2zz4Uae5IUwJxwMaIsIdyzsC9f7Ms59s
43,58s7ktoMUbn836mxT_j1WgOrRfadX9DjhGm4lUMCx3uQcnk
44,59e8hndBXnGEI82nN2PXu1J4UjKeZ-p4EczlvCfwRoFhRXk
45,5PbrCHQIDN4HoyE0TMpUC4RiQBJfyFiLbydNi5YgW7vrMjM
46,5Xzkdn0kOYsYU69qxvk5TROktiZTHO0TbkVBqyPCFk7yNPg
47,5kZ6XfbSBxliDtJIRCR8qZF1V0hRE9obqW1D4upZjZ2Is58
48,5wl5XQqpUUiqCLmmxj65Cj_6aAvanr4kWmFll4FeBdLboTk
49,665deDer16tgD0gghueOzKe6ereZuFlxQ2iP4pS0BSiVkzc
50,66KSuJUaoVvdVu5ua3I0lqJ3j8HsHxhqpd_LcDu8L8FVjKg
51,6F9ZzMbXRZ4lNyi0L7AMRGrekd6WPGYgcOYiUC74NJpdjTU
52,6JZpvYGjdCL8b_NKnfhGMUaiEHBCQiGw3mTl6JtBhSA7Tos
53,6KCyf_t73Rp5guIwEDoB_krwnLr-jazDYbwuawYWw5s9tC8
54,6oFhOFDbgyeYjFazTD11xIQgPijv_Kx9U9ivMcL6oM9hFYs
55,6ot_xcNeF0qEGnSLMch5V7K9qrdTL5ZZaQp6jSjc2BCoH6E
56,6q8C_jg7ymtffWE3NKyV73FTzaV4dxRQfZZCO--bPqL1CLc
57,6wQIamfndeLmzbwBRf_saSefMgzVYPQ2ontQL6dNSVEeiBg
58,751lUuSAZRt2w7xMYUlrTQY2hrYh5Qav3xbSUFSwTbV5bFw
59,79WNEM14K_11VwCDLS5oMnsGyUx5BmIrRIe0nt5IovMe
60,7H8xs3DMpdrajAMHELC6Hu4A1D_E3ckf9y0DCfHBnCITExU
61,7PUxucjfP-2SU48MbxWQHzyRrbM6wjEIXZ8j5y4Ppd-Mmh0
62,7gcPu9mEryCfyqX3C35EoeQAbsJ7jMUPEDhLLJc1XQyezcA
63,7w1wjTNsf-F18c7BazT2PPjWP3niaPdDqW80R_fb-_iuheM
64,7ySYa5RaVgFq8xLKT_krCRkdGX0R-PU3M9yawjMKTymSX08
65,86TT1ZLYnzYifPU7uHRBzd5XVU_IhBKN-CMepU54EdYbVFs
66,8FEzV-uw99fg3-7N7kaBTWar0XSxlEqNorsgjMvNCIkw7ng
67,8J9mf59VFLkp0pDepdHZWwfwQNqS-8GbQSiZKv700RUlAno
68,8Q5SjT07E-HtfPedW0C2nMGTpAYlOcIfqKuxPmNCvlekL3E
69,8QJ7uOA4mysvqYfdaSJU8pf6B1qosIBtAnGPjmQt-GRgqu8
70,8Qs3kQvsAoiFzcVScqcma7tMQ9J6Wszy0zvDJklLKZgth2w
71,8d-nwIDp1B2eJSAHinhKqYdzRV_Q-vglg8iESxchr9rEIrY
72,8joa52hevp1VkRW2hBrSpGbKsUfmuVSiDArES2DsgkUVD1M
73,8qIyADeTaJ72_ykRexf9RJjKLkgwTSKBpxGPKxckAUzgWGE
74,91yuyrWamrL-gTKlEdx3ClC_6gEKWWI0R_muGzAq7p7ZLuQ
75,9IZaCIkqaqP-PwRAuTRQjqDN0UjH14A8u7d0OKMvrLpFaMs
76,9Iw8FhZufzuQOxANJ6atSDa6X8869FUMcRLWoCFxYFNZR_Y
77,9PSDg7LAqRaI91VG38NgCW7t_3Fi6z8etoY1QnmMuDuJka0
78,9_ggjaS0AQv_Z1GOC4hUs5UeSTDiAvZc_uh0SdKphzfMdrM
79,9jNugsH35XOLcgTdU1nyE9LAfb3xnEPOhGrKvzk7RnaXM8Q
80,9uk8fq_oj-aydOHoIrnknOqMO08-CBX7YR96e18dKh5VJ-s
81,A2VhzDGTh_V7uTZ_iAFvznoZHlquVQNlpLOrWAauagMmw_g
82,A92Z-kdLsC2drOIm3dDHjsjDmdTqCHyMWzEkMO4lbM3eLTM
83,A9IPr2UsrAC3qM8C-2lPeYn_txXZcWdlqVj3NAgeMRZ1R_A
84,AGah_fd2zFpjsuxGd6FcED7FfrI78Jc7ZYGqmnaf-LAPqV4
85,ANw6IL6X8P1Qow6rHjoQP4dmdV4mdSCDVkGlZvGG8l5FHuc
86,AOeb3GTcozhvm0gkkn8u0qakOMsZki_rIl0Nx9sQCYcwyE4
87,AW3rYE5jxtPiivvg-4aHvOkq6r_bQoX-GEjePbhp4-Cw5iE
88,AaJrgODPdd6vfLWiiA0K6L5ZRlh2MX_XUp35by9JvIlaqSo
89,AelxuRmhxR71Bzc68bnWiWZYAM8A6MLg53EDoOjQEWbSxRA
90,AjJzOZT_gnN_7rA2aMcgveGm-tJmVD-JgsbxjZ7iwG0m9L4
91,B03TJGBqcS__AS1f0hpYunk5LF40fD-S8pBNJGfZEEYED6M
92,B5CMaISyE03QHYciGvArwdTkyYtcqF729dMaSwuw_8CIVlw
93,B86D9SmyyMqq-0vnEgsfHfLbMBNVdtSSPSAMNV22UhJboB8
94,BD1CAlSv_sofhR-TER1otJERF9X3rk30m0hL5XB7DsG9
95,BS1tsgg6SX4vWNbz2D58wwoGvHu2PK9C-sB7hHvl65Z4s_w
96,BYJREsiimC5koThEWeyC4lp4q-bRkvIjkmMkm2uuRK1l21Y
97,BdBbFovh_mnjuBNLwiu5XjUzvOQwx1q9WyKjBssKvwK0_PQ
98,BepCRLecvFy_oPs6X0YxLngwBwM2kH_Dq_FgLVe3zJMNlF4
99,BfXYuNMC91BYrwFcYYV1tZzfBeOWgTg-hlZe2pVnGdgd2k0
100,Bu44UfC2LAwneUipMJKo0fFXSS5etXvT36DGurqP--SpRjE
101,CBGyGzk7BY1PaN8Eni1cWSILBup7XuKDnz0NV-tnEzHNEFk
102,CO-Tmp4FU0fjCr41e64HH6hlAxhQwddU3KEL7lzXsyeG_5I
103,CbHHyxvagklL461i19sbJTwPy7PCDZr2yKIuK-LcOzwbDaU
104,CfS3hg-zdTQVRFGc8WIHor-PviOFPHtqxPGzwsxFfIFuQGU
105,CjtEq9QOYbmcP1QUq-zfhX-oo0Edi3P0FUjQNYcBANrNoN8
106,CnvgIDEHSjY2xbuA6kEafhGuMmj59Vz9n-bFV-A8S-S1m5A
107,D6Qo8V4uLCPBhJRiWwom-q06xe3PRaEBtm41tAFlKetQYZs
108,DCZWEvoj7ICHgl06lkDfRLAsnWPQUjJATcBYuzSv3qVeo8U
109,DEpPd7GaXdfTneX6w_77ldWNd-eDiqFaFc_HRLl26lIJZyA
110,DcWXh-80MOK9jyeNxLXcB6M79-gOnE6dC2YHhizkH1o8_SQ
111,DdlyEOELltHKDMIW_OXRbWWAzoSPOAqtFfFiGdlArs-HmFU
112,Dooa08nwwChL4hi6wojSgDSHtLCbW-VwiPkoRPwxWJjtN_I
113,Dwpapoq4UiH_Nib75fMp_6IDq3DOxv0EQXIPMR3sooWmZkE
114,E2ihdOt-4Om8Y0n1EvxQzXYOciUOUWj9oXo-w-h_FSq7m_Q
115,E6bdUuOjtLV3bDtKBDS8f2IXXR3XBwvsWDVL2q6PB2YZKqM
116,ECwM1GInVP1VaJ6XBQVARma7ju7bGe9UULdKOrnmM4c4cDo
117,EWOVzOK2Zu7ZbdS2LRkFUNAB9bOwIRO7DXL-FeehugVcMHI
118,EX-2-7mJtV3cejiLLXc4sRJnL8lfZdWgNry2kpTCRby9EJ8
119,E_DxrR2mnjLPqRnyDDQnewr4V5S8JfCtQq2Mp1D4nbjn-Ug
120,EgvDevWEJ9GGxYlw6r9fcNEowLq71zJjMDDxJQjhT-nE3zo
121,Evwy4It1lwnT4cAcVo5ZRN7fB4EWps10CK9prVlkxwsK9CU
122,ExccLdaQN_17JXwtaGEQB3qGpnN34O6_gOR2yYu3hF0E190
123,F0uhrZrbUbtLRoYRwwpNInoTuJLpXnmK143Wj1Ckj4knu74
124,FX78PBDjTFXWJUZQHH40eQaIBhddnYQ1MqwCA2uuGmml1zA
125,Fbh3qE4L2NZFgMAKrNKvrUEjSqzJh-CQ9z-u7LBrQRpvmjM
126,FnN8QC_cuC9i3AR8JZHQfDh4Uyi2ehnsLpKuqVOk13YzBrI
127,Ft9X1PJTZmRcdjkdppHMIjlIrt7SDTAjB_wDNt4PgfW7JaY
128,FwFlEMsWK-TG9JLJrbqEKZLCcQKFbijXMUEcTsfPj3554rc
129,FzjQmEY1V45lGRxwfNLRE6Pa2D-SD6uQoPfIkjdPP8I_oaM
130,G24v-97GAwzoOGhE4nR2oi8933HglT87kLHHNtq_vdkDk0Q
131,G9SE79EbfNNmPHKsy2_CCnu3I6tLx_-qJjwl0RAcp53io_c
132,GE1TKdJW4PILmTEOv7voiEjmL9iREBLme_9mAZMSrMmzcQc
133,GEW4p3c4JcDRGVnUW_VrjmXeh5wi89CjBFCp8IFyOMz9K9o
134,GGMk8bwzBouiM9qGMJ9Z5y7wJwvfgjzIiA5c7FqHWE_RoEk
135,GGv1CzPelPvj3gxcUvXBvVusyw7hD8BKvKMwgt16TGjtUKY
136,GHB_DA8e9nt4VewrJ7cYv_MULpyWV2cswgxlGiAnE3NAlmE
137,GNd2c6LjV8wT5WUg6EU2bw0LctnDujTiJBUA7SFmGvEK4oA
138,GXaKu822gQWUcJB7jhyjYyw-NIp3ZRpZp5vkO6EjyEL_ozc
139,GZv-NYXsXgFBedWckjxos_81barlgwSFxIgBQ6Q5oCUkif4
140,Gdk93jZT92CkOxA_vXbSjqV3Sk-hoI1JWHVkWtQxo47rmro
141,Gy0euVO3XgmEWZ9upn29oib4-9Ls_UGipHPG9VBIfx0dmfQ
142,HFuI4orMwP8PWpmsBOg68vsbqEOtJ4QIgMUqaDgd7Wh5J2g
143,HN11BiNtS-rOSXLnuDN8FjTZ38eVe7By-MRQh9CnQ6OnluY
144,HOHmqW4veZlnPkgW-G4XBK49zUEQ9Mi0JS3C3Vp1MhAUT9M
145,HSAYa3wHv0VTXZEo5NbSUKfv5W45XsFPVEBj-hS58LUXEDo
146,Hb3VtACmMSddzi3VrR0ooGXi7JrdiRwfSfMaMRqKGn5oLOQ
147,HcaRNEATU00FUgfRxP6qwpOftKlJ9owzWd6rfnHHu2vLcAU
148,HhbTtqLDUePvJZc3ZqBZ-ppmBo-p9Vi2lqKnevCf-0OYLWs
149,HhkYOcB4VdDNViKku850xbGg_-Gdw0yFVBXRIOVrVQ
150,HnB448YsW5U1g_JGOo7oj7Kc_g8-J7WBU_1R0UN4srqPzBA
151,HowoEVisb1XDLxmeYkqwE8Mcntdi4rairiSLNfXlAeF6Cvc
152,I-feD6lhoIpt9b57FwNzxBsACq80_TD9HOdbeBRSAg9O-8A
153,I05wgiCE-_vKMTslSRrbXSvFzGC9Egb-m14XBxj4v3qjL6M
154,I77RCjSj9z5BJIWHFH4rdO6GdnuWXiPuKLz8TIT_QitceJQ
155,IMQFJQPW4NjFPYOQ6xjyv0UPy6CO_Kjl7ITgXD8iUACS2uA
156,IYs535OPt0XzHc1dnHEXqTQwPVHrXwrdGR-7RSnXokd3P-8
157,IbwhHKpq_CnMr2CWIcyRkgWIecGm6L57mzYMpP9Jbtl0fs8
158,Ie8n0NdPvdIsPAISZVNiHcz-npYeHOceuig4E7zKUv6ZFGY
159,If8waQc9Y78RcYlhgmRS7wEAxW35vDOWjPHZCfK66Ehm4_o
160,Ip8yAq44CQYKMZSGrzTbuxbq1wBSt4vbnCsVN_fV4d76JWU
161,JKGTYow79yh3DE5sewsZZMe7jPBxt-vgNRI3bHETVQvCquQ
162,JMeWHRXMGZfuiIvv6TuLml8wiuN4tKIKjrlFJJqeCOFFlaw
163,JQ9TNj9V2Va1pa8w-19_C469n8agZ7HeG0m4RIqWO7wlWIk
164,JQPdELBQ147rimDGA1nxBc4BGvzLEzDrlAz0MbMQZutcoXg
165,JezeK5p5pyJeJnTtg0ZoNFAX5DZSAOVZM9PH7ZL_uKLzQiE
166,K-edgEbFEYyzgjAJA2bSf8oQd5K1_4Bk-qVijv0CXAmmHR0
167,K62RnpPPS3gB5JIYNbXX589FfT2nL6ixu7PzD3CJsXgcTgc
168,KEdcwYlRs4zaYI8YbpBkjeNVjxz2WWbvk1d7YRza9FJ6G5Y
169,KIhSHaMwpWSN7hj3asc_Bzix_20--DzrK0ahn7U48s8hj_A
170,KUKTA4thz-Fq811tWffsPlHBRolEumoaMoL_Og7AevKD7wM
171,KZSyq33_FPS2Y7RImCHcg_VPwmpmvd3p3ujpQxlJy24icxs
172,KczEaozbPFFRfcYQaR4Wd-5_Aq3Qp4umbwVK6-EiyiDwLHg
173,L4l8JEo3DQQ3kaGumVuNO1tKzaLGrv-NMBLxoRSJByGhfZ4
174,LFor_Ysi7ILeHWAMQbvrY5c3treyKdW0w11eRAC8LrE4p6Q
175,LKP4Soch9x2Xw0Bm4HANdNK4S4iPgGKu82uAXHqmF0MLTsc
176,LMFL3Ly4TLStBN9kzOKesRaqZSNxv5Ie0uurEwpi-6wFao8
177,LRFJUzb0obffcebhSvmeef-dpNluPBqh9JlxPUzN7VQ5XVQ
178,Lfdnaox_2_8qjmASgk9CzMRikNKlEwxYRag5zKGVhKecSZA
179,Lw8Er2EdFVmhbIX4PLj8Eo2lZsSqMvT7a1XduJoBR_jFBO0
180,LzOe4VDjCBUtvkUm5uae-G29tSBwGZpx068uQ-WydDIFhjk
181,MAZ37_w_K0AkbxmRJrt2LMBG8i1-gJiZ6ItM1fxprQA02Qw
182,MBHwoh0sKttqsF5yVEEXynylp_6L1D5pmVyKXtU-IoqfZ1A
183,MBUpqxSe3PlwQQ-MoezIsanpLMN7fmtCE6rSSE8ROOFT
184,MG5cLFVcQR_dSO93gKbGUcbp09iNHpheW6jK7PAWAGB1k4Q
185,MRUHnADQQ95Nh6MUOw9h26foI7L7WFnNXVr1ZuBbQIQCkD4
186,Ml3mwjHwQnTxNW3OWDGuk19eKf1j2RBoSTWbHy3q9hgW0R0
187,MwJdDUleeIo_X7AZUTElxfVrkPbzOBwA_fZUV_USzD-PU4o
188,N1DQzg0qx7RtR7ZaZmC9hGEPGoByswbCcDf3x1Eb46JBef8
189,NAZ99SiL_edEf-uZnIKWtTg52efKqW5ovGjcd5ZCFx0cZao
190,NEXgegQ-we5abH0mhGgnN9vmgXW57S8FNPviddxr7_VdS6w
191,O3XY5UZ-dvNs8S3Dd6nNxTZKEzQUAkanoQW1ON6_ZtbXEEU
192,OBiG48upjsb2RLOP-rbat_uIDzyCQno-ltDuPBE7P7qKVgI
193,OFbkehK3jdJ2fEjTu7MGIBDQO81UzV7-VZiqzTc-qHHGEbM
194,OKc8OG4Wf3znEPPe9GDTLd-sB6bwClT6ozqZK-Wy_z0vLCo
195,OeWlBoXsyUr7NMe0BdLX5pcGykJH9q0f61BopP6bZVVc8Q0
196,OjD-RXYW3ePtGBzddeK6UyoCxtCj5Fp23nar-mFVZybmzDe_
197,Oqm8456gqJW8a-JM89puLHQg_y8QG8X3JQVbOEXsWKtchVA
198,P42LpSWFe-GFTvNwK4ADQNkhyf83a3LHSllvo7N61Z3Kbqg
199,P5DcMwXP_m6EDljOLzcbRBZPrmXjaMvfJQ2gCavEmjI0fgk
200,PAJBrjruZmxpIEjGWDB4WrGjNIzSA5QgjvnrtPuKMaROS8Y
201,PSD61CH8qAUrZkgOEFU-wbSOPszoto_ln7psNmbJwAW3cBo
202,Pt-_UxAW86lp6tn3J2ZyJJD4NqAjSLDoRJ9SzoxtEFXsxPg
203,Py_g6S_cfjTvaxIGiWhZIJwBHTTOngKYv-HhAOg-aozM6N0
204,PzTk77IIFkI4YafvXS577fZrkuRYYH2UN6a3Awqe59DSGnY
205,Q3wujhrPvsvkqJTB5ZkmB0XVYmiNL0ZVrHfyxW5tMtKc6xk
206,Q4vhmKho-TczlOoZERscJvXdf5_5H7_dDCfW9pJT375kcMI
207,QM_49cXXRM8QuGxNBW9a28NjDsBCRFa-hu3I1MpkMix9
208,QiqA4Ji3Sc4t8SqBDw45JLsCVhclaUondTa7m6daxIre-PY
209,Qj-EJIob81I8WkmLxmp7iNkWGwbEj60wngRW1zTJgLKJgYY
210,QmBSd9m-2Dyf4XEMuZwVMwmziIpZCEsgwVG-M5Qrro1mHfU
211,QnkUpU-MHsGLBiEjhF20DTTO3Zi_IjAVRA0yHaNHAuDS8DM
212,Qq8QY9RMqoIbNEnGwc6s2Kody4ZMGmiBcP4pcJKQqK1J9jo
213,Qr3W98X-49LIZpuLs_aKIMQn1etsxUUMlpBdOhcG4_vD7e4
214,R-LCx3-nc3TM8rRvaOl5frsawYPjKakzkC5BsOtPMXxkLfk
215,RU_xkRLiZ9_95D_ZGk_vhMU5QOSB981ZrgOD5p-UGrhBm3w
216,RdXsKKjf9u4njJov11HgwCnFlQctSfF-GeUJP28_ehuMRYI
217,S3axpQ2P53PiqoQ_vtjt6XewIZ62m65jFOvuHJhTwnGfM1w
218,SFcJJX9CsD3yNVdJaxkcjiOAmWk1G5Ag3NIctkzJmmFpDd8
219,SQ9jN2-ObhN4IHuZYvd8QZYU9ypUGY8C8mgvXGSfhkODlSE
220,SXIhK652wyiGOd8BBK0MALF0LwRXqXe1KX6jLTYFnnuNlgA
221,ScPjIz4GtzQPQx9T2Aqf0nlZoGw-CBRPchz1UjIb6lSjxLQ
222,SfS0TAE9f0tZatydiYLWs4Cnh-8IP0SN6V-kjffIKpfzLsM
223,SkI0PgvwsOSb4yYJ-ex8lVe4oA3_uccZ9GXyl8xFqJu1sBI
224,SkXguLuS490lHmENeDND7hVJ3iY2AaVbRJ6e08KHma-bogw
225,Sp8IsFruHo1qPATZYlUQsRXSqCfVBpon2k1JTabBVXPsBPE
226,T4sXlTrMnQhrrI8q4NiPXoU9XlhGKFk1DZOASbYgmnS_gaY
227,T6_tbOm803FB6TUjPUbxwcHIdpgJu1U4ruVOeCSM7-jP-jQ
228,TJZnX8tv6ScAlkvYuqjc0YMiqFFiseg0U3HijL1yYdlbwmA
229,TLQCuzD8ejGMQRQPsOEClWnlaNirgyNQCc3I-AoU8z2vh_I
230,TP-dkPuF1V6iKeWz0WekIreWyOe-uJBrDZQdjmlNmdfn_2I
231,TlpbcBMTQ51qQCALn2ZQw6xMk2hY7ROmCJgATR2r3LMBAgw
232,U-W6f_Yu4t-TUNTyd09qdvd3UUbdDw92OteKnxSvDEAkTwI
233,U4ys-nmX_DrgIJNnnuBYKOPejsiR4ntdv2YPCkB7XVKNtiU
234,UFw0rsKPEjcGVF47JX4iDm18ozBc0Nq6GtEP_E7AkANGevg
235,UGx1Dk4-lsmKtO3k3Tl7_uaXSltxm47h1QoBTtf9bAXO1zM
236,UIydcuIcO6V0oYZ0rdBjL8Qe-2lJwFuQHqPrB5rNvjWRdbE
237,URw_ExG4S36t2d_WPZVd_H8AJpTN2-gMHW9H3BuKbKrsFck
238,UVysByd3K1n1kY9QjK6tC2X2ef-HHyNkk8ygvwI7PPumse0
239,U_Xrv1uq6LG6XIfvokyASmiUICefpgGcATsw9QQZWakughk
240,UbbQBWm4n4ZrdyxZBDVTIRScMbD7cPfIuDuxzn-J1YJUBNY
241,UvLEjH8OaPYJC99Dkj-iZoskGWc9TK_CPi2mGM_6976klJs
242,Uvbuk7X2JvpkRTBcSj5OB9nFWSgBlzvXBTATRFZfQXd2ZNE
243,UxvUL34NUuKwrsf1Q4Yx8dY5vKZMzu8fLZw8-5s0dGt_zAw
244,UzaHSAc4kduds3ar-VT3AduKy2v8Y7g4kxU9X4N23nbHvaA
245,V-Ne2kxj96GGOylE87hp6zqIoBu1AD8c6cgMo7fY_xhZnmI
246,VBrcnjfLx39HBqemIkSoeTgiN7q80l4jFiT8XS5kCG-mSkQ
247,VRE2R11BMJvEN1PTeypJfLdaAxSgeKXRqreIwSPNmkyaiHw
248,VfgboINGCiB96OANpS6-Qt-HuZEDbLKcwuOcGWo7k_ZPchE
249,VwNd1M21vd0pJLkNTp1zRHICOzUyBq-vLoOaYcRiz0Rh8JM
250,VyQOb1F19ePDnAP9Lc81ET8WZEFHS-b0-eSrMmjON0zZi_k
251,VzQwcrebIC48OhgCD6JdqujOITqNSH1A5zpAYcv1R3fdqUA
252,W-VcduSaxUBUrGDth8kS7wviQGL3ExlwSIR6kPLyfqQb-qA
253,WACtzsm6q9wdiLpwkhci8ecBO1PaRok1deuvSEUNuXsGnuk
254,WBeVVSsZa8rfOmW8lXJGNKGGTuBh40Ntjbf4dO7ynFzCkzg
255,WH_kBfdYz4hk8CIA9LBCkwjcB0Hz7KjbsE_joXvkmE4dN7g
256,WNe1l-MbaotQGbdD7Yc8POADyyo7hPuU4fKx13sg1I8bcpo
257,WQtrr2SSjL_9BpMqeg-kFGFcEGgfMwNO22SeBw02-1pI5zo
258,WaEqYkUPLdAbUV0AN71LnI_k5AejOW11qVsXanRA8bJ4M-8
259,XCv2Oix5FYQIrZeu6tXWGScw8m6qp5PSSxSwVwZVxOHmEZU
260,XSsdWY7g1PJT4aY7prH6AxYd6CrwOXHGglbalcBl7SFhkok
261,Xa5q0BVBbIFp1Ll77W2VmQd2-StGxDf5u8pNDCMmzZVjKCs
262,Xad0nXTYtodHEK-LbTluAG5kxbJNSTq1H-drBkktc0O2DE0
263,XcydmbR1RaUgIz5ugTTKvwHnM7CruatBWT5Np3kE9jRwU0Q
264,Xd602toE1FhAadsaX9LEwVhiPqIxyQn5tA0ALdIShVbSCiM
265,XfCEpiskS-ussMilr8RON7SaOqLIZKc7JgGBhTfstEE3upw
266,XtQ80SxFlTvOMK2LC6soHgcyxG9Y5H41xaiBjCOfVPk7zOo
267,YP5A4yGMALzViuXLDbXPY5wr7pSiMvNct7YhM3PmWjTrCxI
268,Ykkrl4Q4socxBq4tbBnKb1974c2UIFRril1dxCvmra0
269,Yljlwh5ODrx9kUXqtlNy4wqvXk0OHet5ED2wF_5NOtx2E-U
270,YoBgRyf_cuFZibV5IItD8qXkHPgCjdWg-DoaPpgiU7IhQ9A
271,Yy8b2cqzp1MncaIOoPAeDZNyHPw0RkmxkCGUkmwOsV4g9LM
272,Z3ikhvgv-yni_kJ41Gi0QD7nVwtyThBncyxRlGEI-ATrPlE
273,ZBO8ww1bStzESxHmbFS7RA8GNG7LlpuqkFnf7oR-dTe4X7U
274,ZHJmNm7BTxA1Hv4n8H8mowbcqo4V1Buz-kJVFJNuFgpNM8E
275,ZJVR8G7gE5P_tf4lU49IAacG7hc0H_e9C6iB5xrFRzk0NUI
276,ZOTHa4OCxvlYTqXb57n8zE2gwx3xw8IqdzoIZmOGphMhSLI
277,ZTYwLeet2RtVIcQczx2ZFAWtXGFumpJfMDn286LfkomlM7k
278,ZkSzZahuAAZLp2TGasLZeOfZC9b9fWEjTGf2JZ0ZgRmqcWU
279,ZvWKNOXXAttzZYSEKPdjmKd-LeMj7BGV9E1pgjJnK7toM6k
280,ZvZEF3AueZa00Rc8yVd824z91fpFVdDdp1zxTIq4RB4A--U
281,_-7RTvSY1y4NYTOY_jm9gH7UcJLkkjwxA-TpSvg0iLkzrak
282,_-nQwVjnBXIKKenkBwSwMYwmLsg-kpVxb6-EjcJRuTQBDAM
283,_0VMz32lMvev2Q5dZv8XEzn34RUrZfkgl1f27RVijfZ2kRQ
284,_BNGJaaYTndCoVDCYYwiAMvqc-fTH1wKdQh1u3hoavI5pbk
285,_JO-bjglEgswRXz-mBSwmblHlUH5Wbi7jdxQ718cb7SZjow
286,_Jq11ddOnZhyb7ZqKq2q-i3zNEVywNO42tVJszasjQ0gXrA
287,_QbmovY_Yb73zkr-X7BoQLBSCikhYNH554vUE1CQKypTOcQ
288,_TjWvnStT-jigUEArH3OEIPU-nkIFt_FtkdbRpbsuRicn0Y
289,_VSOQzjUmUweGTPyF1fV5sJswfqf3ANCzHAr1p2PORNk7pQ
290,_fk60QZwAgmGPvCQUEifudesVsxHSLhXjjfIKmpUFc_HnHY
291,_pKSa6XDSd_TqJ5VYw8Y-lS9wcuBQ6ynyn9WLhrMY0zwuso
292,_x-Wlnoo0xbh-EoQ7g6WAGLjvf_vjA-a68laqhbcjsYJ140
293,a22XUr6NaZWRdkS2owXr3tGWvJ5M1NlKaYxRjyh2Ej18WqM
294,aHtL7E4aGKSGTeYMn0f6KLkZ2kRk460BQ7aBC50GfGZAc4A
295,afTPK848fexpPFMvmCAmpZ6yJvhs8Nyvq8qFM-HEm0dwMFk
296,awWsfn0AiywCXrcP0MWaOf-in3dPeh8FcVxN2zS4z4loTH4
297,b-T8yLfmiAORTANX-GihFZBAtOw68V9nnW3R1GLyY8LhRUg
298,b6LngCm8jCtcCbKHt16d3Z_k_BR5d65oW7TlDa1YYWdC-Lo
299,b7UM0Ck2hYQWq4500oKgv_9Kjk4yAnGdAp2CN-Rwom38QWI
300,bCgSMVFGfyqbzszs3J-UnI0uJG9Y5aaR-RYQn_xjtgJtmRY
301,bFKT0Q_v1wuri0a0f83FB9qs8JQ98MS0VeYrc_G7IYbLeRk
302,bJsCdlNTwmFdS0vVdf5xU69yY1Uw3LS5scu_AHvlA1HeJpQ
303,bO8pHVZtQqyQuyGV8-W99ItzCnzm7HLhHX4D0RY8xaKuQTM
304,bQ8lWZYJ3_abuWlBsQXRJXDSK_dHEm4pMqP48T7sEIhQYhU
305,berYHouu2HMzmekQHEyH2p_VjNFkC1nSUJ3VGklFUMFIBW8
306,bsIvELw33SXWNkT_dnQ8oXNejFZZft1VBmQTMTfRe9nSOzY
307,cDEQ-IfkyY7dOl-BcKfbVOQfI3Aowhg0RruRjt4b95lUcFE
308,cEQ0QN52lWBbjFkiM3Xybs6t_iHQDencdJKlygeJK4Qkfcw
309,cPt-hautHd8wE-v_MLLGcE6cGfla-KbDTApSQCLk1BbJBQQ
310,cafk9mmd1qc5vkv6kqOLaQR55mfaEjAVkbVBO6rrVRtntIs
311,cgPf_fqNGSA8vPdlzUKZh3gvVaKn2WX4LkZtlvs1ihKBtmA
312,ciBKqCh9IvxMfOyf0bErywj3rdcMPObrFQKmZP-VCyR-lsA
313,cmFoWd3319cM_-rV_9Pr8bsBdwy-TXYmQPM7_mU4ic86Ra0
314,cxC2p-ShVaflfuw0EaDfUHm0CtvQ5umQH0r3eRFHMNg6cPE
315,d-KHrAqAef2ET7M-6yWwdEfo1Vw_Hq84umvkZEpuzBSCvv4
316,dSAMm-QoOl9pqOp-AG_Wes5tNV3JSol2B1Tu7QalyGmA
317,dSmHO8l9IaXsFkcY28JLjmr6tuluZWhxZnT7OXdpY9GS-1s
318,dVinwxPFHQ6Fxm4rye1Ab6jNTrwxqaIfyctb7n2U4yljraU
319,dYL6h9Ok-KdEStmDOz_KQbCkRtPrBDRtH2H8mTrPdcQVpfA
320,ddLhb0yuxxPpyf63h1AK88dHXXYbCVG5Akh5ZyT4xsn04K4
321,dgrOB_0AZpiGpZ4bpkPZ1Y-ybrzykRzgyXLvYZ5E9xnB2Dw
322,djpAAMvYJPjtDuTYQ-ECQnDDLgfVWc5l1TUHNJw_8Er3L6A
323,dpAdGyxmKPuH2uiHplpfXdevsanN943VbHPbJLExnFv93EY
324,dwzbuAIhp74FXRgXuW-ihEToVGwuSR_K25PHZ_6ERbSKpzU
325,e0PUTnnrzV2vNoCYPnZWJgXrNe9-jt0LtCGSsXL3RIQyZ6Q
326,eGQ2QJhp1-JlKPq1gTCICzCgEr3NpW6yPg1HvxvHj1UVpDU
327,eHFVb328JHgp19kZtA4q3qbix0WlCCIxc5ctMo8Mkq7J4eE
328,eZYQ6lF9-WHA0-q0FFKItdZBqec95lrb1SxleGfT16whA1o
329,ea13HicvvC3mi7n8rDCtpIC6dTfc5zEU_wTAU4rWtrP-0jM
330,fBsEu2cvrsGQ-yX-yJjjkJPcAJWlJjPfFV1-DfNhqYwmB0g
331,fJqpYfKsTH-XVdHX0SutXS230kpH5-SD3SB-52MJoZkqhIM
332,fOcsiU2O-opElqbRlETreo1NWxnlodplswmhTsHUi7025CY
333,fZAfwWtG9xb-Xvkz-kyBJSulN_vC_AvrNPy0QXGQcwzxeXk
334,fj8-3d7YBcyCpfa84T4JrQJY5x7xV5Ii4oKm0iUb96rdykI
335,flJb0LaCuRl_rCVi9S3CkaK8SeFWKw0fjRn05O4HaV30rcY
336,fqdtfRofQqJRA3yjnB1spLM2eCc5nazBO4GrJ4VzAW3aQJk
337,fs7MSwV6s9SoB1Di8cAGJKO7GZkWmyVr3rrPkH_GCxmw_rg
338,ftOWznmhf7h2lDrXd0jrXz25RZTI1V1VJyiWPZu_POazU98
339,fuXuNtdHrQOjdY9xjWWEFQxLburzcUEYxbeOQaUo4secgTg
340,g-w5zvXUJEQkC-AdEzNVPxCW5oz_hRbq0M2YYub9oM3UhvU
341,g46xpDVtAKb5E-bpEc54IP54rimy1i8M_6b1kGC7qH_1q4A
342,g5WLFhvIPx8lKtgrgC7QcKizjPv1DuC5WG7ywPlfIDeJFNI
343,gFuX-l9Jn_QzfbS4-ZTwB7IDx2HSaFIZiUXSGM4E6F15jB8
344,gN_oy0ussnSBFL666xufB7Z1KOxATabdxfrpQd7XTOXP13Y
345,gQlH4T9z80_rDMI2tGg4dV0_cm2l7lclZ4D9jq3dBg0SMQI
346,gRFMYytJn5VNmPIEaAInjsnyDVb-lalvAmhlCYug4-2MuEU
347,gWtaAc6Dl2am2SU8J0xC1dYAPTAZu-R2Pnk7xCwmIUIYRR4
348,gbRoiDKR_LoxzBFJoVsKKjgT2tQxrwKH_WpCfdyKoihvYCw
349,glfq7I5gNO4ykWl_rPuHShc6db9H6NsFp9_TtCzSCM1aelc
350,gwHSiuDTVng41sElIcCDH6__8p3e-W-6907hOA7fDkeGYJ0
351,h3ax18K6KHI3FEU-K5nZKBmeN2TUaofyAqgfXAQlqQR1uHc
352,h66QGaIwdulTfP3_qCT8yMmC3yZEhUytf0YCntJBgAawYKc
353,hD_myitO_y-9QETOzHgeE5JhhiAabZyRvrXVatat455WQkI
354,hOf5Az1UQ4xpk1V9SgBVP_UAealq5AMU_LVfEODVdOOB0os
355,hVpV6jiwlpg4S3KKaoD55V5bOYKWuLS1oKEyCn5KNObt
356,hjyQ8RJYI7rtnjlU-FFkL_276OwXUsDggDBUd4wWRA6WfgU
357,hmppz6f8az8hYQp260IJHR9hqAoqkAIX9N82QpWrcnfRAqw
358,huN49-f2VVWYA3G3teu9L1vBZCNgP4JGabY_ka6hpF_8Dq8
359,hyxQbOmjzEh01IbPux11iAESRfxHv7qApD42fiGIqIg5ZhM
360,iFmnU8lq0xxo9A0Vnzc8Ox0U7_DB7N4OP9iE43fsFvsBIDc
361,iHvcsG7P3gaOCIffGFNJR-8AGR3CaHHyrqCAAzUkIwg8Q8U
362,iJVh-yB0JIFPmRU3Fxzt_lXuP4aWZnle-cSf9nmo2FI83B0
363,iN8_3HrC7iTvFvCRK42xRBBkFVtwl_lS-ceidMjqGBuEqHE
364,iQ7WfHf5h4MQ5M1ZA70xFQzanrHy3iQDkuGm2t8vAneMOCI
365,iUgm_rMwx0daLUP_Y5sOD9lpi-v9BFAlSBgUkIRfZUhWJVA
366,ip-EyJffJrABpTUVNVjUMGxmEfjCd8a_6CsAWOfpbsGGxg4
367,is48UkrhNmj1Ec3WE9JhjvJVIhLcrzPZ9Sky1K_jv_JX01I
368,jKrFBv_UydVZtqgNrAHLYdcq_26TtbL8C9K8kUyDBX4iqTw
369,jN2DCoDhlA1YyzPWYSh_wJTZ_RGK9BLxjeb7iaRIIlhlrf8
370,jgmAgYce6fjTVa7_TPLVkIWM5PhMd7Ypn1oNIMlGN4zMmBU
371,jhj3zkGeq4E8rUpZDMr58uJFrN17lNh-fZZsj0zWxpefaCo
372,jljZEqGmVZKlW3_RtsetQ8t-6Y5Blwj_xsZhbmxxc4IMJi4
373,jmB0Zgzl4CrPE6QGbM14l0uMAyvGWfnmbRwkZBZyRR4j
374,jpiwLnXTnp3411itbAlNe28BtUT2kU0csx67QMWYx8ymxj0
375,jqiyrSxbdvEJgz-kG-tZGxY3jIp0xUyG4j7IBZlxGw_6
376,jsg5nAT6FUvYplZ3Q58ksWmR4O8nKFXiTrZ_irfeAVakSfI
377,juvM42CEZGywjjWcdXOKZHvg2nUEWTZ7oX1iCn76Sbgws8U
378,jv5h9DRriI83HUKw0DShg-DPuFaxmB9Qij3FNPLKEOBz7RE
379,jvZ6oYdG-HNSOg-GFSdE6Zcr7EVx453feGAp1E929b78Ftw
380,k79Xzk_k3g2YyDCPB4HbGG7ZacGD5WoxFEnCLo8rdJHdtYg
381,k8t5G58BNJNtIaaztAYhS9VX6avwt0JTu6mdLy5XYFCsr5E
382,kCmURH9gOn1aDX2qKn0H4RYs2ngI0vnzimwGzbBrUGAvQ50
383,kJ3bpbuOKcY06PfWgMDrKjmqwQ7qCkr8VVg4a0ZFwXKXni4
384,kRknJLs41IPM8xHq9VhagqzOPezAn6WiJRBRdhJhvuG5ddI
385,kS_2h9sUt8VFd4kB0z7IzuOxQ4b9lhiurZUG06i-NwmHKpk
386,kTo9NPUUj-5ST5GuXYxGu-92K9SMM6dVjAN_oYKQ-71jUo8
387,kW6pk00qOtvFCNuMBkJOvywEpFCRiso2qTTz4d1f7v155FQ
388,kapE2Z6dxDPXzfn2RNP2dLiOStAsUUXMsFllmyFXDuBJisQ
389,khDs7BDWoRMLV2TpMPtB2RsyanrAiQNVdTXH_gaclbu8NOE
390,kju5KcgdhqvdEwJNuqo9OS29oU4cLniGF01hlLivFQq_FiE
391,kk_gw3W_A9yn2zatFbZq_NVt1CMJGC7i8EcOTKaGpo7vyNA
392,kldQLuTt8jdw9KEcqJe1zE7W2MOpQ1EtDmVOq4u6l8SkbW4
393,l1RZ3CB8JZ0wtgUYQk26KP1mXO8Jbej1yA76n36LiPeNkqo
394,lGW9QfJjsFxk7z8kXkUM9PzzVoWoXNGBWNxhb358MQHlhVM
395,lLqjGedF6iOnZE3yfQESnCR9-YP5fUzaLCW5yleUSPRJQnU
396,lM1auj2BfRfoCmgvilGzp_1t9Ol45lRcZMDQOs2tQks0dTM
397,lWHgS83wJteNRzXYQA37Rwff7iSTK63igzyE9Qr4qnL1fWI
398,ld2qnstFL_17R4y6YoiwcCW-Rk2odwi8QK8G4S4PQsbmsD4
399,mCjfurnAmuRvWot7TEyHhRxjdhusE-cYapz_vhsm2xWxUDg
400,mNU_NB1QHtLKQ66C0-0wPq8iJmww0k7iMsh6GNP-_C2deyg
401,mVlvKDO1CaEjpwdgAFkjbmfQkE1j3YeeNKMYbCFCERXOT6A
402,mVuJVZDThKtyigRzavjO8kLUTxnGkqH515h-82SD1ksdF3E
403,mi2Ce7oZ48U-NWQayDRbcLDu4IhA9qv2wh2GCeSokEc
404,mjc_Tn9OkMlA4RUIZo3_GKCeHYiqMdEfGFYUwWEDh1pRJiM
405,mmprIXRUKYUywVf1Kpj-qhZjHgOdPR8NdF1eV7TqCTCb2DI
406,n212k2Lcg2IJsB_wNya1SGIHO_GPVPg7gHhduwF5M1PEZ9Q
407,n4jco9YuA2-Bp04gFQCysObnd-JIegXvmSsxELR3HOUA
408,nBSKYbgbfRC5exwbVbvpCQrolZA37m7GgtHw97XW6TRAn-Q
409,nHkZtMfvVujnirMI_bupJyyH9bLZODf-GIqlvQjYT8ly9Rg
410,nP46woCUS_nqEunF3o8Uc1Y6_SV6_3fl5BBfU0B_U5msn0U
411,nPOEZXD0vx7NdzWN6z_LPl98KojZlfgaOqyQWDbHbm1ZZps
412,nWvfxoGImo6W7I2nWqsIcpS3_yP-c3sRbbaJyy1oWvvqMhI
413,nta-efPZqTFlsHRFJOocOkzaKfz7HPoSqQQNXIZFTg0
414,nyfuVEjkBFGIrPkf3nNOVdxxdSREiVnaQCj-LBUkcQ1QniA
415,o95vbB-pf5n4omEehL5epyEal98KRXkd3lkin7__2xoGYEQ
416,oFkBBLqc3B2K8iFC4TERiqqudBQklnvmgIpir9XlN--uc_s
417,oNPOqWOqdvKhzk8BfR_10rQLSWhEIRnREQrqgnyFXUzIoyw
418,oXOfHfnxlf4njii3m6qiqTH5QBInPdwOr1ahyTguw_R4kKc
419,oYdKxCH73s6t9SlAddqnfwuTx90_pXLtW5jkK0MNF1r9pzc
420,oom26-sEF4SHR8-z__lGSM-RenRyLuJq_ZfGZxOg3bQghRM
421,owQERGdp7_RED4cJYcF8ZcGhHk-Z35-XFer6Yb5qUQFucvg
422,oy9V6BBLXSEiL8PeUWb18KNZqJIH2vrwzv17kgMBmzQqXyM
423,p6MzTUFoFuBkV3oFEpDkANwgGZZ2OkpKjwp5yH6knbmDnRU
424,pR2iKYQLsCuvrw0_I-TrvkmTz92yGGfBaw1MSigILDPZrYA
425,paLAaFFjDcLzrEWneD995laS9hnScSMSbKJ-WSHB6tjiCPk
426,pbhMv0VTYUUdeRaWY7PpqIt4RMofRgI_Jrx8y6ZNhXNwQ-o
427,pcKiEH0kN1XHlzhLzZO15Qg3plABSn7UuT-_NZ4VRhyaJhE
428,ppuxwK3NQI8pdJGzBrB7hvylTOfFfvvnzU7hfLZmQ3RaaCw
429,pv0dD23Ka0Tz2Z4BoVIOXETF-Yu49YXPVsQnXzMycYMYUpA
430,q3I3_LCaRxUSBoDDoci9QvNJ57nEoi8OyW2WFfdLikqtIpk
431,q5PlcPPkeH3MujdOar2wWzYtjd50DOeiLP5w1w4N65HIA6U
432,q5xLbtHFYo8ofHq7LV_bHxAQ53OIMquQOwryY1ozcnAsNtU
433,qDgJuORHmTDmCQEZIF9ZJu3_hrLBmRyNLPQ_K8uyXuuozuU
434,qJyOQW0I3CHxAGVYv7-0tUdSyYyE1z1Ee9XKAGEiATMF_nE
435,qLDtUAzqFzxx8GnRVjRyoP7osOjpiRleeCrZ86mXGtGDEzU
436,qNe-NCOfn4JFLJkFm-hadxY_CHiLIJ2eJmcXW3Fx09AB4kg
437,qd2hkiwhbVKLGwkSooak-zJscrXwQgygfIw65PL8tc9kQzs
438,qepQKQ2m5lLrFVNxRuxrQgplK2VQzSYve5Ks5mEqS0_C7BA
439,qjHXwhb59bWIK_rtoJ2Rdn1lK82dMr_8l8-cUeRWP3GT0Hw
440,r07r2VKrKV3sZ9d_wweCuHqEn7RssADcKYsFyIEJczNdKJI
441,r0oMUFDVuEdUC9CyO9Kak4StNghiZ7gZl4srt9J57jcTNsA
442,r5pvnxoGuXftPNJRwtAjADwf44erAcGIIgy095IWZ-CCHDI
443,r6JGi9dAbsji1NBL2BRVqikjLVvYqal2NbiJDDaWSVSE_nc
444,rKeM9MdWa1P7Q1troPo1SvFJ4XBreyCjBygajAu7DBjuV78
445,rKwp3pvyM6JBeiWe0B_SzSTyhXzL4G4y02fcMqBgJ0-P
446,rlwqnuexMT7CbXs46dyvnLxcvriQTsOJfTjsZbTZnEpLQNg
447,rv66FzsHsig4OCkYguILVmoO7NbupTwKvvpw30bZl_oWquI
448,sTaBuD5hxuMVFusfdwnmxdP-jlaIGxRBIUKxPsOl6l2S6LA
449,sYn-gZl6hms4SIpK-1g5fuYc02yWhhAJQjMZR3fVGbzdXZ0
450,snzIUxNIBak2QwJO4VAwAxyAA39DoJ8rhDUy9rNg-VAzCi4
451,sqqWsXE4tFqem6RIly60Xw7NUiN1LU-1wPyN9czg3aN-6WU
452,ssLgvYrVkYx2oH8zFlJc_aw0pNCQVFielPkUstZo3n7rBLk
453,svpuqLfpiZrqv4sF0Qq48MXc3w691m-gr24HQT0HiUmm7lo
454,t4QLdYzqiTPiqUBDztn9vx53OGr6EWPtYgQwe2KVO4EojAI
455,t5JtAKLRLdUVP8n2OEo-vMd5zl_llXIspzhTwjHSoo-RH4o
456,tFQzDn7a8vbRLIfVhsEOvuGwG0_7xMFPxkpEgK-uNpnRwII
457,tOeVKrlNSGQVTLX9h9pe8iqGFB2TGM8hBBHrzFs0hGumi30
458,tPTt1eu2vamznb1U9sE86LTjGjxEr1DHfSuVbvS21TnWkI0
459,tQ8Ej0ExrtLANkA_xQG5TFA10IEGkSdD-8XEVjRdhS80rvg
460,taD1xBRYmAlQqZKXnyEdK_ZtON6VJoAUcbVvxYm9wYmRu_Q
461,tjNyHjhBzTVRsq5Ta1GAV1_jMIBuncKRSgv6ekiL7KvUdRg
462,tpRQ5NDo7eMccaUN-7qVv5bbunTd_T7tcf6JeNNXRpw__bs
463,tr1Ay2towk7mnnb9Ynmf0kO7YEsIU5j-NjbFo3RoJo6gWRpm
464,u2PpQD4av8wSzH7MdPgyDANeEsZt8MItNt_jBQ66FWX46f0
465,u8lvLjXyIdC1cD1fQVwyWNtTXRu0AJY9ruHBC2Ftt39m1No
466,uBS5p70FJDmdZoUPaCCBe02UjyIadI_0lct2zvSuijTU598
467,uhZ4Gmv_hKPQTG_ybfoRHTzlqoa_RstncdU2lJ3G5seKmpw
468,umr5d9pMoNjkTnhCmIA0Ty31Fs-5KxWnLpe2LX7Rwz8E6gE
469,unVz3iePCLA2SNg2Bdg-9vn1QVpjav6fMW4KCknlvcE
470,usif_kNF0D2FAaqPRl59Ka6kZH5gIT2lHot7wKC5pX5zHHw
471,v6ip8fKzdYfJdtDDEXGCHTrRHpWZk2eyAc_9k0afzhyQ0m4
472,vExqPMGBcMRu1ePTjFklZUE1-dnX55omObWfJ76fDrseoVU
473,vS2b5fYPLG492Ts53GiHReublDl0anUtSYOaj922u60cvbo
474,viqL_kUp1fvWOCXkdLCPZE8j9JOnoShRpfkA01CFbZHCFY4
475,vjJ4O8oisG-Ftw0UdZU0MfBNXby01aeh6TgOtYJL8NxEk54
476,wLYnE6HIroRxb8aYwk-LpxuCTM_AFetqFFxrbzNce4nxp8c
477,wO8isN1Xv70nnfLeobseqDEAI079AP7QgH8bp-WGF30yN34
478,wRf-yS5OzBs1gZzGkaMuhZ-tgc9PzvAffD_sMMNJBtCGBaU
479,wYQuYPBYIdAuYxwKLmhfVHR2VGpMSsiJmGpyKcCqOytWA0A
480,whHpuCUOfdFIy9OjItRiARpIc-Km4zbjj1MvpmPmmn8nkX0
481,wt7SoamQ0NMTglmovIxpt5ciLzLRwqFepDG0oFId20qAITc
482,wz3q0ZVXUouECaEerAU8fGytQAqY-5R-xSNV4o6yRuj1vcc
483,x6bu-BncOlo7H9LP7Pa63hjflFj-F8VfRuoNYy4SqUP9aU4
484,xQOY5_7_zY4GhdF4M22egOe7aMjM5xxBwKEJ9Agf_m9oays
485,xS_Bp9otka0zZScuAq9fdWb5thu85-hOfUeqLLiM-GlOEXc
486,xVQTNxDRRhCU-XVZNcZUaAoK-0r8zHR7VLiP7fRKKK2ePUw
487,xgT1boGrrCP4TfqtTe9HED-APqXz3bO7IyXOXP2xYHj83Nc
488,xrxG1yyPSOz-gCzRddHFC4XB6I4KvAEpma7hW43sBZUOerk
489,xtZMq3ZjmZaF-cwF_GBDgmR53FRm0PsKqCnLoQt-W1I0BvY
490,y156A-zF0IUk9gdEabX6b9SZv5-sxJ7baf1QN8D4HFhvHXs
491,z34eqAmdC28YDbk2IXTqOfuNAHM42hlg0lHJcol7ZQP5ua0
492,z3fjyOdDQgKLrTNLyUEMRcY37k9y0-AdigB6krdvUmWr2wc
493,z7VH7s5lHUonCQyacBcJHWKtynDm20AqvoJVDLZR39pq18s
494,zK8xt7bhtclkf7Cb3YNDQW2ZZ37aECux6LxGBAbMyXQv9dY
495,zdjsU4T8JUb0fYOgaOUfcXbdu77aOO98ZY3S0v7yzSM4em0
496,zg84sFnRk9SEpWyFP5NzfmkG6WMqRmXIO9uTUNZEuecPrBY
497,ziyLsrpWGELyoZ-WClCwmLXVohBAlZZuk1Z8uBXX2TuQSEI
498,zjdqlay9HGOK2aVSmBFU5ypN53tvuta1bSiR14BIXlDhMy4
499,zl5fEmuTVvq-oterZutPYgfSQcsYOxd1BNdzyPoIqG7vEy0
